"Location","Function Signature","Function Name","Tags"
"00401000","void InitMYRANKING(MYRANKING * this)","InitMYRANKING","checked\, converted"
"00401090","bool CheckScoreSaveConditon(game * g)","CheckScoreSaveConditon","checked\, converted"
"00401130","int CheckClearLampChallenge(game * g)","CheckClearLampChallenge","checked\, converted"
"004011f0","int FxByMIDI(game * g)","FxByMIDI","converted"
"00401be0","int SetTarget(game * g)","SetTarget","converted"
"00401da0","int ProcS_Keyconfig(game * g)","ProcS_Keyconfig","converted"
"00401ec0","int LoopInRange(int min\, int max\, int add\, int * num)","LoopInRange","checked\, converted"
"00401ef0","int UpdateSoundFX(game * g\, int * value\, int objectID\, int min\, int max)","UpdateSoundFX","converted"
"00401f80","int InitFxParam(game * g\, int fxNum)","InitFxParam","converted"
"00401fe0","void LoadBanner(game * g)","LoadBanner","converted"
"004021a0","int SetBmsFilter(game * g\, sqlite3 * sql)","SetBmsFilter","converted"
"00402290","SkinUser * CONS_00402290(SkinUser * this)","CONS_00402290","CONSTRUCTOR"
"004022c0","void DEST_004022c0(SkinUser * this)","DEST_004022c0","DESTRUCTOR"
"004022e0","BMSMETA * CONS_BMSMETA(BMSMETA * this)","CONS_BMSMETA","CONSTRUCTOR"
"004023d0","void DEST_BMSMETA(BMSMETA * param_1)","DEST_BMSMETA","DESTRUCTOR"
"004024d0","uint SetObjectValue_Num(game * g\, int op)","SetObjectValue_Num","converted"
"004041a0","int CONS_004041a0(int param_1)","CONS_004041a0","CONSTRUCTOR"
"004041e0","int StopSysSound(game * g)","StopSysSound","converted"
"004042f0","int Print_ManiacOptions(game * g)","Print_ManiacOptions","converted"
"00404f80","int GetSongCursor(game * g)","GetSongCursor","converted"
"00404fe0","SONGDATA * COPY_SONGDATA(SONGDATA * s1\, SONGDATA * s2)","COPY_SONGDATA","converted"
"00405480","void DEST_00405480(SONGDATA * param_1)","DEST_00405480","DESTRUCTOR"
"004055c0","void CSTR_CopyAuto(CSTR * this\, CSTR * param_1)","CSTR::CSTR_CopyAuto","AUTOCOPY"
"004055d0","int LoadFontForSongs(game * gs\, char flag)","LoadFontForSongs","converted"
"00405790","CONFIG_JUKEBOX * CONS_00405790(CONFIG_JUKEBOX * jb)","CONS_00405790","CONSTRUCTOR"
"00405800","void DEST_00405800(CONFIG_JUKEBOX * this)","DEST_00405800","DESTRUCTOR"
"00405870","int ProcI_Decide(game * g)","ProcI_Decide","converted"
"00405a70","uint ConvertOptionHistory(game * g)","ConvertOptionHistory","converted"
"00405bf0","int LogGraphPlayData(GRAPHDATA * grp\, PLAYERSTATUS * pstat\, int time\, int endtime)","LogGraphPlayData","converted"
"00405c90","int LogGraphData(GRAPHDATAB * grp\, int val\, int time\, int endtime)","LogGraphData","converted"
"00405cf0","int LogGraphPlayerDataToEnd(GRAPHDATA * grp\, PLAYERSTATUS * pstat)","LogGraphPlayerDataToEnd","converted"
"00405da0","int CheckClear(PLAYERSTATUS * pstat\, int gaugeType\, char isCourse)","CheckClear","converted"
"00405e70","SONGDATA * CONS_00405e70(SONGDATA * param_1)","CONS_00405e70","CONSTRUCTOR"
"00405fb0","int ApplyJudgeNote(int judge\, game * g\, int player\, undefined4 lane\, Timer * T\, undefined1 isReplay)","ApplyJudgeNote","converted"
"00406530","int ApplyJudgeMine(int judge\, game * g\, int player\, int lane\, int damage)","ApplyJudgeMine","converted"
"00406710","int DrawNotes(game * g\, skstruct * sk\, Timer * T\, CONFIG_PLAY * cfg)","DrawNotes","converted"
"004081d0","int StopAllKeysound(game * g)","StopAllKeysound","converted"
"00408210","int InitKeysound(game * g)","InitKeysound","converted"
"00408260","int ReleaseBGA(game * g)","ReleaseBGA","converted"
"004082a0","BMSMETA * COPY_BMSMETA(BMSMETA * this\, BMSMETA * org)","COPY_BMSMETA","AUTOCOPY"
"00408430","void ProcLoadBmsResource(game * g)","ProcLoadBmsResource","converted"
"00408490","int DrawJudgeCombo(game * g\, skstruct * sk\, undefined4 T\, CONFIG_PLAY * cfg)","DrawJudgeCombo","converted"
"00408580","int DrawHPgauge(game * g)","DrawHPgauge","converted"
"00408620","int FlipScore(game * g)","FlipScore","converted"
"004086d0","int CheckCourseClear(game * g)","CheckCourseClear","converted"
"00408850","int ProcS_Result(game * g)","ProcS_Result","converted"
"00408900","int Proc_Result(game * g\, skstruct * sk\, Timer * T)","Proc_Result","converted"
"00409300","int ProcI_Result(game * g)","ProcI_Result","converted"
"00409860","int ProcI_Keyconfig(game * g)","ProcI_Keyconfig","converted"
"00409ac0","int SkinPreviewNext(SkinManage * sm\, SKINTYPE type)","SkinPreviewNext","converted"
"00409b80","int SkinPreviewPrev(SkinManage * sm\, SKINTYPE type)","SkinPreviewPrev","converted"
"00409c40","int SelectSkin(SkinManage * sm\, CSTR * obuf)","SelectSkin","converted"
"00409c80","int SetFirstSkin_5k(SkinManage * sm\, SKINTYPE type\, CSTR * skinName)","SetFirstSkin_5k","converted"
"00409d80","int SetFirstSkins(game * g)","SetFirstSkins","converted"
"0040ace0","CONFIG_SKIN * CONS_0040ace0(CONFIG_SKIN * c_sk)","CONS_0040ace0","CONSTRUCTOR"
"0040ad50","void DEST_0040ad50(CONFIG_SKIN * this)","DEST_0040ad50","DESTRUCTOR"
"0040adc0","CONFIG_PLAYER * CONS_0040adc0(CONFIG_PLAYER * c_p)","CONS_0040adc0","CONSTRUCTOR"
"0040ae60","void DEST_0040ae60(CONFIG_PLAYER * param_1)","DEST_0040ae60","DESTRUCTOR"
"0040af00","CONFIG_NETWORK * CONS_0040af00(CONFIG_NETWORK * c_n)","CONS_0040af00","CONSTRUCTOR"
"0040af60","undefined DEST_0040af60()","DEST_0040af60","DESTRUCTOR"
"0040afd0","CONFIG_TOOLS * CONS_0040afd0(CONFIG_TOOLS * c_t)","CONS_0040afd0","CONSTRUCTOR"
"0040b080","undefined DEST_0040b080()","DEST_0040b080","DESTRUCTOR"
"0040b140","undefined COPY_0040b140(undefined4 param_1)","COPY_0040b140","AUTOCOPY"
"0040b180","undefined COPY_0040b180(undefined4 param_1)","COPY_0040b180","AUTOCOPY"
"0040b220","CONFIG_PLAYER * COPY_0040b220(void * this\, CONFIG_PLAYER * param_1)","COPY_0040b220","AUTOCOPY"
"0040b280","undefined COPY_0040b280(undefined4 param_1)","COPY_0040b280","AUTOCOPY"
"0040b320","int ShowReadmes(game * g)","ShowReadmes","converted"
"0040b720","int ShowReadme(game * g\, CSTR path)","ShowReadme","converted"
"0040b910","undefined GetMissonString(undefined4 oBuf\, int missionLevel\, undefined4 line)","GetMissonString","converted"
"0040bf90","int LUNARIS_GETBLOCKUP(void)","LUNARIS_GETBLOCKUP","converted"
"0040bfd0","int LUNARIS_GETBLOCKDOWN(void)","LUNARIS_GETBLOCKDOWN","converted"
"0040c010","int LUNARIS_GETBLOCKLEFT(void)","LUNARIS_GETBLOCKLEFT","converted"
"0040c050","int LUNARIS_GETBLOCKRIGHT(void)","LUNARIS_GETBLOCKRIGHT","converted"
"0040c090","void LUNARIS_LAND(void)","LUNARIS_LAND","converted"
"0040c140","int LUNARIS_MOVE(int direction)","LUNARIS_MOVE","converted"
"0040c400","int LUNARIS_ROTATE(char direction)","LUNARIS_ROTATE","converted"
"0040c510","int LUNARIS_NEXTRANDOMROTATE(void)","LUNARIS_NEXTRANDOMROTATE","converted"
"0040c5a0","int LUNARIS_CHECKLINE(void)","LUNARIS_CHECKLINE","converted"
"0040c6a0","undefined LUNARIS_NEXT()","LUNARIS_NEXT","converted"
"0040c790","int DrawLunaris(game * g)","DrawLunaris","converted"
"0040cff0","int LUNARIS_START(game * g)","LUNARIS_START","converted"
"0040d090","int LUNARIS_JUDGE(game * g)","LUNARIS_JUDGE","converted"
"0040d400","int ProcI_PO4Decide(game * g)","ProcI_PO4Decide","converted"
"0040d600","undefined ThreadProc_PO4parseBMS(undefined4 g)","ThreadProc_PO4parseBMS","converted"
"0040d680","int RunMP3Encoder(ConfigStruct * cfg\, CSTR wavPath\, CSTR mp3Path\, char deleteWav\, char movie)","RunMP3Encoder","converted"
"0040d840","int Proc_Auto2avi(game * g\, CSTR directory\, CSTR filename)","Proc_Auto2avi","converted"
"0040dc30","int RecordBmsSound(game * g\, CSTR oPath)","RecordBmsSound","converted"
"0040e0e0","skstruct * CONS_0040e0e0(skstruct * param_1)","CONS_0040e0e0","CONSTRUCTOR"
"0040e1e0","undefined DEST_0040e1e0()","DEST_0040e1e0","DESTRUCTOR"
"0040e2e0","undefined CONS_0040e2e0()","CONS_0040e2e0","CONSTRUCTOR"
"0040e3a0","undefined DEST_0040e3a0()","DEST_0040e3a0","DESTRUCTOR"
"0040e450","undefined CONS_0040e450(COURSESELECT * param_1)","CONS_0040e450","CONSTRUCTOR"
"0040e4f0","int CONS_0040e4f0(README * param_1)","CONS_0040e4f0","CONSTRUCTOR"
"0040e570","undefined DEST_0040e570()","DEST_0040e570","DESTRUCTOR"
"0040e5f0","SOUNDDATA * CONS_0040e5f0(SOUNDDATA * param_1)","CONS_0040e5f0","CONSTRUCTOR"
"0040e650","void DEST_0040e650(SOUNDDATA * this)","DEST_0040e650","DESTRUCTOR"
"0040e6b0","PLAYERSTATISTIC * CONS_0040e6b0(PLAYERSTATISTIC * param_1)","CONS_0040e6b0","CONSTRUCTOR"
"0040e710","undefined DEST_0040e710()","DEST_0040e710","DESTRUCTOR"
"0040e790","bool GetOptionFlag_dst(game * g\, int option)","GetOptionFlag_dst","converted"
"00412ae0","int SetObjectStrings_SongSelect(game * g)","SetObjectStrings_SongSelect","converted"
"004134b0","int SetObjectValue_Slider(undefined4 g\, skstruct * sk\, undefined4 T\, undefined1 flag)","SetObjectValue_Slider","converted"
"00413f70","int CmdSearch(game * g\, CSTR * cmd\, sqlite3 * sql)","CmdSearch","converted"
"00414900","int ReleaseSysSound(game * g)","ReleaseSysSound","converted"
"00414a10","int ReadLR2SoundSet(game * g\, CSTR filepath\, char reFlag)","ReadLR2SoundSet","converted"
"00416a10","int SetObjectValue_Bargraph(game * g)","SetObjectValue_Bargraph","converted"
"00417080","int SetPlayOption(game * g\, undefined4 sql)","SetPlayOption","converted"
"004178b0","void DEST_004178b0(COURSESELECT * this)","DEST_004178b0","DESTRUCTOR"
"00417950","SONGDATA * COPY_SONGDATA_AUTO(SONGDATA * param_1\, SONGDATA * param_2)","COPY_SONGDATA_AUTO","AUTOCOPY"
"00417ce0","void CheckNewSong(glb_dbgame * glb)","CheckNewSong","converted"
"004181b0","undefined ThreadProc_RankingAutoUpdate(game * g)","ThreadProc_RankingAutoUpdate","converted"
"00418820","int JudgeToScore(int judge\, game * g\, int player\, int lane\, char isReplay)","JudgeToScore","converted"
"00418850","int ProcSinglenote(game * g\, int lane\, int keypress\, int timing\, int player)","ProcSinglenote","converted"
"00418e40","int ProcLongnote(game * g\, int lane\, int keypress\, int timing\, int player)","ProcLongnote","converted"
"00419320","int ProcNoteOnTiming(game * g\, int lane\, int keypress\, undefined4 timing\, undefined4 player)","ProcNoteOnTiming","converted"
"00419440","int LoadPreview(game * g)","LoadPreview","converted"
"00419650","int ProcI_Play(game * g)","ProcI_Play","converted"
"004198d0","int SkinSelect_SoundSet(game * g\, CSTR filepath)","SkinSelect_SoundSet","converted"
"00419c00","int ProcI_SkinSelect(game * g)","ProcI_SkinSelect","converted"
"0041ada0","ConfigStruct * CONS_0041ada0(ConfigStruct * cs)","CONS_0041ada0","CONSTRUCTOR"
"0041ae30","void DEST_0041ae30(ConfigStruct * this)","DEST_0041ae30","DESTRUCTOR"
"0041aec0","ConfigStruct * COPY_0041aec0(ConfigStruct * this\, ConfigStruct * src)","COPY_0041aec0","AUTOCOPY"
"0041aff0","int MakeSkinPreview(game * g\, skstruct * sk\, SkinManage * sm)","MakeSkinPreview","converted"
"0041b140","int CheckMission(game * g)","CheckMission","converted"
"0041bcd0","int ProcI_Lunaris(game * g)","ProcI_Lunaris","converted"
"0041be40","SONGSELECT * CONS_0041be40(SONGSELECT * param_1)","CONS_0041be40","CONSTRUCTOR"
"0041bf60","void DEST_0041bf60(SONGSELECT * this)","DEST_0041bf60","DESTRUCTOR"
"0041c080","gameplay * CONS_0041c080(gameplay * param_1)","CONS_0041c080","CONSTRUCTOR"
"0041c1b0","void DEST_0041c1b0(gameplay * param_1)","DEST_0041c1b0","DESTRUCTOR"
"0041c2d0","undefined CONS_0041c2d0(OptionString * param_1)","CONS_0041c2d0","CONSTRUCTOR"
"0041c610","void DEST_0041c610(OptionString * param_1)","DEST_0041c610","DESTRUCTOR"
"0041c8d0","SOUNDDATA * CONS_0041c8d0(SOUNDDATA * param_1)","CONS_0041c8d0","CONSTRUCTOR"
"0041ca20","void DEST_0041ca20(SOUNDDATA * param_1)","DEST_0041ca20","DESTRUCTOR"
"0041cb80","int ProcS_Select(game * g)","ProcS_Select","converted"
"0041d3c0","int Proc_Text(game * g\, sqlite3 * sql\, char flag)","Proc_Text","converted"
"0041e330","int CreateRandomCourse(game * g\, sqlite3 * sql\, char playing)","CreateRandomCourse","converted"
"0041e4f0","COURSESELECT * COPY_0041e4f0(COURSESELECT * this\, COURSESELECT * param_2)","COPY_0041e4f0","AUTOCOPY"
"0041e630","int InitSelectBySearchResult(game * g\, sqlite3 * sql)","InitSelectBySearchResult","converted"
"0041f1b0","int SaveResult(game * g\, undefined4 sql)","SaveResult","converted"
"00420e20","int ProcS_subCourseResult(game * g\, sqlite3 * sql)","ProcS_subCourseResult","converted"
"00421820","int ProcS_CourseResult(game * g\, undefined4 sql)","ProcS_CourseResult","converted"
"004218e0","int PlayPreviewSample(game * g)","PlayPreviewSample","converted"
"00422210","int ProcI_PO4Menu(game * g\, undefined * sql)","ProcI_PO4Menu","converted"
"00423340","void * CONS_00423340(TextStruct * this)","CONS_00423340","CONSTRUCTOR"
"004233c0","undefined DEST_004233c0()","DEST_004233c0","DESTRUCTOR"
"00423450","int SetObjectValue_Button(game * g\, skstruct * sk\, Timer * T\, char flag)","SetObjectValue_Button","converted"
"00427090","undefined ReactInput(game * g)","ReactInput","converted"
"004281a0","int ProcI_Select(game * g\, sqlite3 * sql)","ProcI_Select","converted"
"0042b610","int ProcGame(game * g)","ProcGame","converted"
"0042cb50","undefined ProcGameThread(undefined4 g)","ProcGameThread","converted"
"0042cf70","int ProcS_Play(game * g\, void * sql)","ProcS_Play","converted"
"0042d9a0","int ProcS_SkinSelect(game * g)","ProcS_SkinSelect","converted"
"0042dcc0","int ProcI_PO4Select(game * g\, void * sql)","ProcI_PO4Select","converted"
"0042fc70","game * CONS_0042fc70(game * param_1)","CONS_0042fc70","CONSTRUCTOR"
"0042fda0","void DEST_0042fda0(game * param_1)","DEST_0042fda0","DESTRUCTOR"
"0042fed0","int Main(HINSTANCE hInstance\, HINSTANCE hPrevInstance\, PWSTR pCmdLine\, int nCmdShow)","Main","converted"
"00437210","int HASH_00437210(void * param_1)","HASH_00437210","skipped"
"00437260","int HASH_00437260(int param_1\, HANDLE hFile)","HASH_00437260","skipped"
"004372c0","void HASH_004372c0(char * param_1\, byte * param_2)","HASH_004372c0","skipped"
"00437300","undefined HASH_00437300(undefined4 param_1)","HASH_00437300","skipped"
"00437a40","undefined HASH_00437a40(undefined4 param_1\, undefined4 param_2\, undefined4 param_3\, undefined4 param_4)","HASH_00437a40","skipped"
"00437bf0","undefined HASH_00437bf0(undefined4 param_1)","HASH_00437bf0","skipped"
"00437c90","int HASH_00437c90(int param_1)","HASH_00437c90","skipped"
"00437cf0","int makeFileHash(LPCSTR filepath\, LPCSTR oBuf)","makeFileHash","converted"
"00437de0","int GetNowUnixtime(void)","GetNowUnixtime","converted"
"00437e90","int GetUnixtimeFromFiletime(FILETIME * filetime)","GetUnixtimeFromFiletime","converted"
"00437f00","int GetFileUnixtime(CSTR str)","GetFileUnixtime","converted"
"00438040","CSTR GetRandomFileOnDir(CSTR oBuf\, CSTR path\, undefined fOnlyName)","GetRandomFileOnDir","converted"
"00438540","bool CheckStringHead(CSTR * bigS\, CSTR * head)","CheckStringHead","converted"
"004385f0","bool GetStringBodyStr(CSTR * str1\, CSTR head\, CSTR * oBuf)","GetStringBodyStr","converted"
"004386c0","bool GetStringBodyInt(CSTR * str\, CSTR * head\, int * oBuf)","GetStringBodyInt","converted"
"004387a0","bool GetDifficultyFromToken(CSTR str\, CSTR * oLeft\, CSTR * oRight\, CSTR tokenL\, CSTR tokenR\, int * oBuf)","GetDifficultyFromToken","converted"
"00438c80","bool GetDifficulty(CSTR * str\, CSTR head\, CSTR * oLeft\, CSTR * oRight\, int * pDifficulty)","GetDifficulty","converted"
"00439150","bool IsBmsFile(CSTR param_1)","IsBmsFile","converted"
"00439230","bool IsMediaFile(CSTR param_1)","IsMediaFile","converted"
"00439300","bool IsSndFile(CSTR param_1)","IsSndFile","converted"
"004393b0","int IsAviFile(CSTR param_1)","IsAviFile","converted"
"00439450","bool IsLR2Folder(CSTR param_1)","IsLR2Folder","converted"
"004394f0","thunk int GetNowUnixtime(void)","GetNowUnixtime","skipped"
"00439500","thunk int GetUnixtimeFromFiletime(FILETIME * filetime)","GetUnixtimeFromFiletime","skipped"
"00439510","bool IsFileExist(CSTR path)","IsFileExist","converted"
"004396b0","int IsFileChanged(int oldUnixtime\, CSTR filepath\, int * oNewtime)","IsFileChanged","converted"
"00439820","int DealWhiteSpace(undefined4 str)","DealWhiteSpace","converted"
"00439a30","int SplitCSV(CSTR csvStr\, CSVbuf * oBuf\, char * splitter)","SplitCSV","converted"
"00439dc0","int Base36ToInt(char ch1\, char ch2)","Base36ToInt","converted"
"00439e40","int HEXcharToInt(char ch1\, char ch2)","HEXcharToInt","converted"
"00439ec0","int RoundUp(double val)","RoundUp","converted"
"00439ef0","CSTR * AssignCRC32(CSTR * oBuf\, CSTR str)","AssignCRC32","converted"
"00439fa0","CSTR * AutomationFactory(CSTR * title)","AutomationFactory","converted"
"0043a190","int CountDigit(int num)","CountDigit","converted"
"0043a1d0","int GetDigitNum(int num\, int pos)","GetDigitNum","converted"
"0043a230","int FindAltImage(CSTR filename\, CSTR dir\, CSTR * oBuf)","FindAltImage","converted"
"0043a5f0","int FindAltSound(CSTR filename\, CSTR dir\, CSTR * oBuf)","FindAltSound","converted"
"0043a900","CSTR * GetRandomFile(CSTR * oBuf\, CSTR path\, char fOnlyName)","GetRandomFile","converted"
"0043abe0","CSTR * GetRandomFileNoError(CSTR * oBuf\, CSTR path\, CSTR dir)","GetRandomFileNoError","converted"
"0043ad60","CSTR * CSTR(CSTR * this\, size_t param_1)","CSTR::CSTR","converted"
"0043ad80","void ~CSTR(CSTR * this)","CSTR::~CSTR","converted"
"0043ad90","int length(CSTR * this)","CSTR::length","converted"
"0043adb0","dword CRC32(CSTR * this)","CSTR::CRC32","converted"
"0043ae70","size_t msize(CSTR * this)","CSTR::msize","converted"
"0043ae90","bool resize(CSTR * this\, undefined4 size)","CSTR::resize","converted"
"0043aed0","CSTR * add(CSTR * this\, undefined4 str\, int len)","CSTR::add","converted"
"0043af60","uint checkValidPos(CSTR * this\, int * pos\, int * len)","CSTR::checkValidPos","converted"
"0043afc0","CSTR * replace(CSTR * this\, int pos\, int len1\, char * str2\, int len2)","CSTR::replace","converted"
"0043b060","CSTR * replace(CSTR * this\, char * str1\, char * str2)","CSTR::replace","converted"
"0043b100","void resize2(CSTR * this\, int size)","CSTR::resize2","converted"
"0043b140","CSTR * fillzero(CSTR * this)","CSTR::fillzero","converted"
"0043b170","char * writeAtPos(CSTR * this\, int pos\, char ch)","CSTR::writeAtPos","converted"
"0043b1d0","CSTR * upper(CSTR * this)","CSTR::upper","converted"
"0043b1f0","CSTR * lower(CSTR * this)","CSTR::lower","converted"
"0043b210","CSTR * nullAtPos(CSTR * this\, int pos)","CSTR::nullAtPos","converted"
"0043b230","int lastSpaceCount(CSTR * this)","CSTR::lastSpaceCount","converted"
"0043b280","int findStrPos(CSTR * this\, char * str)","CSTR::findStrPos","converted"
"0043b2b0","CSTR cstrSprintf(CSTR * str\, char * format\, ...)","cstrSprintf","converted"
"0043b330","int toFile(CSTR * this\, char * filepath)","CSTR::toFile","converted"
"0043b390","char * outstr(CSTR * this)","CSTR::outstr","converted"
"0043b3a0","CSTR * add(CSTR * this\, CSTR * param)","CSTR::add","converted"
"0043b3c0","CSTR * add(CSTR * this\, char * str)","CSTR::add","converted"
"0043b3d0","bool isSame(CSTR * this\, char * str)","CSTR::isSame","converted"
"0043b420","bool isSame(CSTR * this\, CSTR * str)","CSTR::isSame","converted"
"0043b470","int isDiff(CSTR * this\, char * str)","CSTR::isDiff","converted"
"0043b4c0","int isDiff(CSTR * this\, CSTR * param_1)","CSTR::isDiff","converted"
"0043b510","int isDiffLow(CSTR * this\, CSTR * str)","CSTR::isDiffLow","converted"
"0043b560","int isDiffHigh(CSTR * this\, CSTR * param_1)","CSTR::isDiffHigh","converted"
"0043b5b0","char * atPos(CSTR * this\, int pos)","CSTR::atPos","converted"
"0043b600","bool canOpenFile(CSTR * this)","CSTR::canOpenFile","converted"
"0043b630","void CSTR(CSTR * this)","CSTR::CSTR","converted"
"0043b650","CSTR * CSTR_Copy(CSTR * this\, CSTR * str\, int len)","CSTR::CSTR_Copy","converted"
"0043b6c0","CSTR * CSTR(CSTR * this\, char * str\, int len)","CSTR::CSTR","converted"
"0043b730","CSTR * makeCRCstr(CSTR * this\, CSTR * oBuf)","CSTR::makeCRCstr","converted"
"0043b7e0","CSTR * assign(CSTR * this\, char * str\, int len)","CSTR::assign","converted"
"0043b890","int icmp(CSTR * this\, CSTR * param_1)","CSTR::icmp","converted"
"0043b8b0","CSTR left(CSTR * this\, CSTR * out\, int len)","CSTR::left","converted"
"0043b940","CSTR right(CSTR * this\, CSTR * obuf\, int len)","CSTR::right","converted"
"0043bac0","CSTR * getSliced(CSTR * this\, CSTR * oBuf\, int pos\, int len)","CSTR::getSliced","converted"
"0043bbf0","CSTR * assign(CSTR * this\, CSTR * iBuf)","CSTR::assign","converted"
"0043bc10","CSTR * assign(CSTR * this\, char * str)","CSTR::assign","converted"
"0043bc20","CSTR * getDirectory(CSTR * this\, CSTR * obuf)","CSTR::getDirectory","converted"
"0043bce0","CSTR * getParaentDirectory(CSTR * this\, CSTR * oBuf)","CSTR::getParaentDirectory","converted"
"0043bd80","CSTR * cutDirectorySeparator(CSTR * this)","CSTR::cutDirectorySeparator","converted"
"0043beb0","CSTR * lastCut(CSTR * this\, int len)","CSTR::lastCut","converted"
"0043bef0","CSTR * trimWhiteSpace(CSTR * this)","CSTR::trimWhiteSpace","converted"
"0043bf70","CSTR * getFilename(CSTR * this\, CSTR * obuf)","CSTR::getFilename","converted"
"0043c060","int ReadXml_Int(char * level1\, char * level2\, char * level3\, int initvalue\, int * oBuf\, void * xmlData)","ReadXml_Int","converted"
"0043c0e0","int ReadXml_Str(char * level1\, char * level2\, char * level3\, CSTR initvalue\, CSTR * oBuf\, void * xmlData)","ReadXml_Str","converted"
"0043c220","int Read_JukeboxPath(CONFIG_JUKEBOX * box\, void * xml)","Read_JukeboxPath","converted"
"0043c440","int ReadXml_Int_Multi(char * level1\, char * level2\, char * level3\, int * oBuf\, TiXmlDocument * xmlData)","ReadXml_Int_Multi","converted"
"0043c510","int ReadKeyConfig(game * game\, char * FilePath)","ReadKeyConfig","converted"
"0043c890","int ReadMIDI(game * gs\, char * filepath)","ReadMIDI","converted"
"0043cef0","void WriteXML_Tab2Int(FILE * hFile\, char * tag\, int value)","WriteXML_Tab2Int","converted"
"0043cf50","void WriteXML_Tab2Str(FILE * hFile\, char * tag\, CSTR str)","WriteXML_Tab2Str","converted"
"0043d080","int WriteConfigXml(game * g\, char * filename)","WriteConfigXml","converted"
"0043ebd0","void WriteXML_KeyConfig(FILE * hFile\, CONFIG_INPUT cfg_in\, undefined4 tag\, undefined4 num)","WriteXML_KeyConfig","converted"
"0043ecb0","int WriteKeyConfig(game * g\, char * filepath\, int key)","WriteKeyConfig","converted"
"0043f370","int WriteMidiXml(game * g\, char * filename)","WriteMidiXml","converted"
"0043f6d0","int ReadSkinCustomize(SkinUser * sku\, char * FilePath)","ReadSkinCustomize","converted"
"00441340","int WriteSkinCustomizeXml(SkinUser * sku\, char * filepath)","WriteSkinCustomizeXml","converted"
"00441d30","int ReadConfig(game * gs\, char * filepath)","ReadConfig","converted"
"00443550","undefined MD5byte(char * * iStr\, undefined4 len\, char * oByte)","MD5byte","skipped"
"00443ff0","char * MD5str(char * iStr)","MD5str","skipped"
"004440f0","int DB_EnterCriticalSection(void)","DB_EnterCriticalSection","converted"
"00444110","int DB_LeaveCriticalSection(void)","DB_LeaveCriticalSection","converted"
"00444130","bool ANSItoUTF8(LPCSTR str\, char * oBuf\, size_t * oSize)","ANSItoUTF8","converted"
"00444210","bool UTF8toANSI(LPCSTR str\, void * oBuf\, size_t * oSize)","UTF8toANSI","converted"
"004442f0","int SQL_Run(CSTR queryStr\, sqlite3 * sql)","SQL_Run","converted"
"004443f0","int SQL_prepare(CSTR queryStr\, sqlite3 * sql\, void * ppStmt)","SQL_prepare","converted"
"004444f0","CSTR * SQL_GetColumn(CSTR * oBuf\, undefined4 i\, void * pStmt)","SQL_GetColumn","converted"
"00444600","int SwapBmsList(SONGSELECT * ss)","SwapBmsList","converted"
"00444650","int InitBmsList(SONGSELECT * ss)","InitBmsList","converted"
"00444730","int InitSongData(SONGDATA * song)","InitSongData","converted"
"004448f0","int WriteGhostInDatabase(sqlite3 * sql\, CSTR songMD5\, PLAYSCORE * score)","WriteGhostInDatabase","converted"
"004449f0","int ReadGhostToScore(undefined4 sql\, CSTR songMD5\, PLAYSCORE * score)","ReadGhostToScore","converted"
"00444b80","CSTR * ReadGhost(CSTR * oCSTR\, sqlite3 * sql\, CSTR songMD5)","ReadGhost","converted"
"00444d00","int LoadBMSMETAFromDB(BMSMETA * meta\, undefined4 sql)","LoadBMSMETAFromDB","converted"
"00444f90","int SetUndefinedDifficulty(sqlite3 * sql)","SetUndefinedDifficulty","converted"
"00445220","int CMP_SongDataByExLevel(SONGDATA * s1\, SONGDATA * s2)","CMP_SongDataByExLevel","converted"
"00445270","int CMP_SongDataByTitle(SONGDATA * s1\, SONGDATA * s2)","CMP_SongDataByTitle","converted"
"00445420","int CMP_SongDataByScore(SONGDATA * s1\, SONGDATA * s2)","CMP_SongDataByScore","converted"
"00445480","int CMP_SongDataByRivalScore(SONGDATA * s1\, SONGDATA * s2)","CMP_SongDataByRivalScore","converted"
"004454c0","int CMP_SongDataByDirectory(SONGDATA * s1\, SONGDATA * s2)","CMP_SongDataByDirectory","converted"
"00445680","int CMP_SongDataByPath(SONGDATA * s1\, SONGDATA * s2)","CMP_SongDataByPath","converted"
"004457c0","CSTR * MakeScoreHash(undefined4 oBuf\, STATUS * stat\, CSTR * passMD5\, CSTR * songMD5)","MakeScoreHash","converted"
"004458b0","bool isSameScoreHash(STATUS * stat\, CSTR * passMD5\, CSTR * songMD5\, CSTR * besthash)","isSameScoreHash","converted"
"00445af0","int UpdateScoreDB(CSTR hash\, STATUS * stat\, sqlite3 * sql\, CSTR * passMD5)","UpdateScoreDB","converted"
"00445d30","int UpdateSongDataTag(SONGDATA * song\, void * sql)","UpdateSongDataTag","converted"
"00445fa0","undefined MakePlayerStatHash(undefined4 oBuf\, PLAYERSTATISTIC * ps)","MakePlayerStatHash","converted"
"004460a0","int UpdatePlayerStat(PLAYERSTATISTIC * ps\, sqlite3 * sql)","UpdatePlayerStat","converted"
"004461f0","int SaveIRID(int IRID\, CSTR ID)","SaveIRID","converted"
"00446300","int EditTag(SONGDATA * song\, sqlite3 * sql)","EditTag","converted"
"004469c0","int DeleteScoreFromDB(CSTR hash\, void * sql)","DeleteScoreFromDB","converted"
"00446ab0","int LoadFolderDataFromDB(CSTR query\, SONGDATA * song\, sqlite3 * sql\, int difficulty\, int key\, int sort\, int maxCount\, CONFIG_SELECT * cfg_select\, char flag)","LoadFolderDataFromDB","converted"
"004474a0","int UninstallSong(CSTR path\, sqlite3 * sql)","UninstallSong","converted"
"004476b0","int Rename(CSTR path\, sqlite3 * sql)","Rename","converted"
"00447820","int GetSongData(CSTR songMD5\, SONGDATA * song\, sqlite3 * sql\, SONGSELECT * ss)","GetSongData","converted"
"00448110","int WriteCourse(sqlite3 * sql\, COURSESELECT * course\, SONGDATA * song\, CSTR passmd5\, int connection\, int gauge)","WriteCourse","converted"
"00448560","int ChangeCourseTitle(sqlite3 * sql\, CSTR title\, int id\, int coursetype)","ChangeCourseTitle","converted"
"004486a0","int DeleteCourse(sqlite3 * sql\, int id\, int courseType)","DeleteCourse","converted"
"004487c0","CSTR * GetRandomSongHash(CSTR * ret\, CSTR ioDefault\, CSTR folder\, int levelStd\, int mode\, sqlite3 * sql\, int levelMax\, int levelMin)","GetRandomSongHash","converted"
"00448950","int GetSongDataFromPath(CSTR filepath\, SONGDATA * song\, sqlite3 * sql\, SONGSELECT * ss)","GetSongDataFromPath","converted"
"00448c10","int ChangeCourseID(sqlite3 * sql\, undefined4 newID\, undefined4 oldID\, undefined4 type)","ChangeCourseID","converted"
"00448ea0","int SearchSongsFromPath(CSTR root\, sqlite3 * sql\, CSTR path)","SearchSongsFromPath","converted"
"00449780","int ReloadSongsByQuery(CSTR query\, sqlite3 * sql\, CONFIG_JUKEBOX * jb)","ReloadSongsByQuery","converted"
"0044a140","int CMP_SongDataByDifficulty(SONGDATA * s1\, SONGDATA * s2)","CMP_SongDataByDifficulty","converted"
"0044a1a0","int CMP_SongDataByClear(SONGDATA * s1\, SONGDATA * s2)","CMP_SongDataByClear","converted"
"0044a1e0","int SearchCourseFromDB(sqlite3 * sql\, SONGSELECT * ss\, int keys\, int multistagemode)","SearchCourseFromDB","converted"
"0044ac10","int LoadBmsListFromDB(CSTR query\, sqlite3 * sql\, SONGSELECT * ss\, int * difficulty\, int * key\, int sort\, int count)","LoadBmsListFromDB","converted"
"0044b380","int ReadPlayerScore(CSTR id\, CSTR pass\, PLAYERSTATISTIC * pstat)","ReadPlayerScore","converted"
"0044b910","int WriteRandomCourse(sqlite3 * sql\, COURSESELECT * course\, SONGSELECT * ss\, CONFIG_COURSE cfg\, int key)","WriteRandomCourse","converted"
"0044beb0","int GetFolderDataFromPath(CSTR path\, sqlite3 * sql)","GetFolderDataFromPath","converted"
"0044c610","int LoadFilteredBmsListFromDB(CSTR query\, sqlite3 * sql\, SONGSELECT * ss\, int * diffFilter\, int * mode\, uint sort\, int rivalID\, char flag)","LoadFilteredBmsListFromDB","converted"
"0044e690","int LoadLR2CustomFolder(sqlite3 * sql\, CONFIG_JUKEBOX * jb\, CSTR scoreDBpath\, undefined1 flag_starter\, undefined1 flag_direct)","LoadLR2CustomFolder","converted"
"0049a770","bool IsMultibyte(byte ch)","IsMultibyte","converted"
"0049a790","double ChangeValueByTime(double val1\, double val2\, double time1\, double time2\, double timenow\, int type)","ChangeValueByTime","converted"
"0049a840","DSTdraw * SetDSTdrawByTime(DSTdraw * oBuf\, DSTstruct dst\, double time)","SetDSTdrawByTime","converted"
"0049abf0","int GetSRCcycleNow(SRCstruct src\, double time)","GetSRCcycleNow","converted"
"0049ac50","int LRDrawImg(int * grHandle\, DSTdraw * dstD)","LRDrawImg","converted"
"0049b110","int GetTextGraphLength(CSTR * str\, ImageFont * imF)","GetTextGraphLength","converted"
"0049b2a0","void LRDrawText(int * grHandle\, DSTdraw * dstd\, CSTR * str\, ImageFont * imF)","LRDrawText","converted"
"0049b7c0","void LRDrawTextInput(int * hFont\, DSTdraw * dstd\, int * hInput\, undefined4 imgfont)","LRDrawTextInput","converted"
"0049bbf0","int AddDrawingBufferT(DrawingBuf * drb\, int grHandle\, DSTdraw * dstd)","AddDrawingBufferT","checked\, converted"
"0049bc50","int sortDST(DSTdraw * param_1\, DSTdraw * param_2)","sortDST","converted"
"0049bc60","int LRDraw(DrawingBuf * drBuf\, TextStruct * txt\, SONGSELECT * sSel\, skstruct * sks\, int targetBufNum\, int x\, int y)","LRDraw","converted"
"0049bf60","int InitDrawingBuffer(DrawingBuf * drb)","InitDrawingBuffer","converted"
"0049bfc0","int MouseOnDSTD(DSTdraw * dstd\, int * x\, int * y)","MouseOnDSTD","converted"
"0049c070","int MouseOnObject(DSTstruct * dst\, Timer * T\, int * x\, int * y)","MouseOnObject","converted"
"0049c0e0","int SliderByTime(DrawingBuf * drb\, SRCstruct * src\, DSTstruct * dst\, undefined4 T\, undefined4 min\, undefined4 max\, undefined4 value\, inputStructure * input\, undefined4 objectID)","SliderByTime","converted"
"0049c560","int ButtonByInput(DrawingBuf * drb\, SRCstruct * src\, DSTstruct * dst\, Timer * T\, inputStructure * input\, int * target\, int min\, int max\, int panel)","ButtonByInput","converted"
"0049c700","int DrawBGA(int grHandle)","DrawBGA","converted"
"0049c7d0","int AllocDrawingBuffer(DrawingBuf * drb)","AllocDrawingBuffer","converted"
"0049c840","int ReallocDrawingBuffer(DrawingBuf * drb)","ReallocDrawingBuffer","converted"
"0049c880","DSTdraw * DSTDbyTime(DSTdraw * oBuf\, DSTdraw * dstd1\, DSTdraw * dstd2\, undefined8 t1\, undefined8 t2\, undefined8 t0)","DSTDbyTime","converted"
"0049cd10","int AddDrawingBuffer_Text(DrawingBuf * drb\, SRCstruct * src\, DSTstruct * dst\, Timer * T)","AddDrawingBuffer_Text","converted"
"0049cdd0","int AddDrawingBuffer_TextXY(DrawingBuf * drb\, SRCstruct * src\, DSTstruct * dst\, Timer * T\, int handle\, int x\, int y)","AddDrawingBuffer_TextXY","converted"
"0049ceb0","int AddDrawingBuffer(DrawingBuf * drb\, int grHandle\, DSTdraw * dstd)","AddDrawingBuffer","checked\, converted"
"0049cf10","int AddDrawingBuffer_BarGraph(undefined4 drb\, SRCstruct * src\, DSTstruct * dst\, undefined4 T\, undefined8 min\, undefined8 max\, undefined8 val)","AddDrawingBuffer_BarGraph","converted"
"0049d040","int AddDrawingBuffer_Image(DrawingBuf * drb\, SRCstruct * src\, DSTstruct * dst\, Timer * T)","AddDrawingBuffer_Image","converted"
"0049d0f0","int AddDrawingBuffer_OnMouse(DrawingBuf * drb\, SRCstruct * src\, DSTstruct * dst\, Timer * T\, inputStructure * input\, int panel)","AddDrawingBuffer_OnMouse","converted"
"0049d240","int AddDrawingBuffer_LN(DrawingBuf * drb\, SRCstruct * srcLs\, SRCstruct * srcLe\, SRCstruct * srcLb\, DSTstruct * dst\, Timer * T\, float shiftX\, float shiftY\, float longY\, int alpha\, float sizeX\, float sizeY)","AddDrawingBuffer_LN","converted"
"0049d630","int AddDrawingBuffer_PlayArea(DrawingBuf * drb\, SRCstruct * src\, DSTstruct * dst\, Timer * T\, float shiftX\, float shiftY\, int alpha\, float sizeX\, float sizeY\, char flag)","AddDrawingBuffer_PlayArea","converted"
"0049d7c0","int AddDrawingBuffer_Gauge(DrawingBuf * drb\, SRCstruct * src\, DSTstruct * dst\, Timer * T\, int hp\, char isSurvival)","AddDrawingBuffer_Gauge","converted"
"0049d990","int AddDrawingBuffer_BGA(undefined4 drb\, SRCstruct * src\, DSTstruct * dst\, undefined4 T\, undefined4 grHandle\, undefined1 flag)","AddDrawingBuffer_BGA","checked\, converted"
"0049dad0","int AddDrawingBuffer_Scratch(DrawingBuf * drb\, SRCstruct * src\, DSTstruct * dst\, Timer * T\, int angle)","AddDrawingBuffer_Scratch","converted"
"0049dbe0","int AddDrawingBuffer_Image2(DrawingBuf * drb\, SRCstruct * src\, DSTstruct * dst\, Timer * T)","AddDrawingBuffer_Image2","converted"
"0049dce0","int AddDrawingBuffer_Object(DrawingBuf * drb\, SRCstruct * src\, DSTstruct * dst\, Timer * T\, int x\, int y)","AddDrawingBuffer_Object","converted"
"0049de00","int AddDrawingBuffer_ObjectAlpha(DrawingBuf * drb\, SRCstruct * src\, DSTstruct * dst\, Timer * T\, int x\, int y\, int a)","AddDrawingBuffer_ObjectAlpha","converted"
"0049df30","int AddDrawingBuffer_EventLoading(DrawingBuf * drb\, int grHandle\, DSTstruct * dst\, Timer * T\, int x\, int y)","AddDrawingBuffer_EventLoading","converted"
"0049dff0","int AddDrawingBuffer_Lunaris(DrawingBuf * drb\, SRCstruct * src\, DSTdraw * dstd\, Timer * T)","AddDrawingBuffer_Lunaris","converted"
"0049e060","int AddDrawingBuffer_Numbers(DrawingBuf * drb\, SRCstruct * src\, DSTstruct * dst\, Timer * T\, int number\, int x\, int y)","AddDrawingBuffer_Numbers","converted"
"0049e4d0","int AddDrawingBuffer_Slider(DrawingBuf * drb\, SRCstruct * src\, DSTstruct * dst\, Timer * T)","AddDrawingBuffer_Slider","converted"
"0049e550","int AddDrawingBuffer_JudgeCombo(DrawingBuf * drb\, SRCstruct * jSrc\, DSTstruct * jDst\, undefined4 cSrc\, DSTstruct * cDst\, Timer * T\, int combo\, int optX\, int optY)","AddDrawingBuffer_JudgeCombo","converted"
"0049e780","int ReloadImage(CSTR filename\, int * grHandle)","ReloadImage","converted"
"0049e7f0","int InitSRC(SRCstruct * src)","InitSRC","converted"
"0049e890","int InitDSTdraw(DSTdraw * dstd)","InitDSTdraw","converted"
"0049e8e0","int ReadDST(DSTstruct * dst\, CSVbuf * csv\, int order)","ReadDST","converted"
"0049eae0","int ReadSRC(SRCstruct * src\, CSVbuf * csv\, skstruct * sk)","ReadSRC","converted"
"0049ec90","bool CheckIndexRange(int index\, int min\, int max\, int line\, char * str)","CheckIndexRange","converted"
"0049ecd0","int ReadSRC_BAR_TITLE(SRCstruct * src\, CSVbuf * csv\, skstruct * sk)","ReadSRC_BAR_TITLE","converted"
"0049ed30","int ScreenCapture(uint iGrHandle)","ScreenCapture","converted"
"0049ed50","int InitSkin(skstruct * sk\, int p5\, char font)","InitSkin","converted"
"004a03e0","int InitImageFont(ImageFont * imgfont)","InitImageFont","converted"
"004a0480","int ReadImageFont(CSTR * filename\, ImageFont * imF)","ReadImageFont","converted"
"004a0870","int LoadFontGraph(ImageFont * imgfont\, int * fontNum)","LoadFontGraph","converted"
"004a0970","int LoadFontCharGraph(ImageFont * imgfont\, ushort vChar)","LoadFontCharGraph","converted"
"004a0a40","int LoadFontForText(ImageFont * imgfont\, CSTR * str)","LoadFontForText","converted"
"004a0b30","int FlipSide_Timer(int * n)","FlipSide_Timer","converted"
"004a0c80","int ApplyFlipside(skstruct * sk)","ApplyFlipside","converted"
"004a1150","int ClearSkinGraph(skstruct * sk)","ClearSkinGraph","converted"
"004a11c0","int ReadSkin(skstruct * sk\, CSTR FilePath\, int unused\, int skin_num\, SkinUser * sku\, char flag_skipFont)","ReadSkin","converted"
"004a7390","int InitSkinData(SkinManage * skm)","InitSkinData","converted"
"004a7450","int ExpandSkinMax(SkinManage * skm)","ExpandSkinMax","converted"
"004a7520","int LoadScene(skstruct * sk\, undefined4 skinfile\, int p5\, char font)","LoadScene","converted"
"004a77a0","int ParseLR2SkinCustom(SkinManage * skm\, CSTR filepath)","ParseLR2SkinCustom","converted"
"004a8230","int MakeSkinList(SkinManage * skm\, CSTR dir)","MakeSkinList","converted"
"004a8550","PLAYSCORE * CONS_004a8550(PLAYSCORE * param_1)","PLAYSCORE::CONS_004a8550","CONSTRUCTOR"
"004a85e0","void DEST_004a85e0(PLAYSCORE * param_1)","PLAYSCORE::DEST_004a85e0","DESTRUCTOR"
"004a8600","int InitJudgeQueue(PLAYSCORE * this)","PLAYSCORE::InitJudgeQueue","converted"
"004a8660","int ResetJudgeQueue(PLAYSCORE * this\, int size)","PLAYSCORE::ResetJudgeQueue","converted"
"004a86c0","int ResizeJudgeQueue(PLAYSCORE * this\, size_t size)","PLAYSCORE::ResizeJudgeQueue","converted"
"004a8740","int AddJudgeQueue(PLAYSCORE * this\, char judge)","PLAYSCORE::AddJudgeQueue","converted"
"004a8770","int DealJudgeFromQueue(PLAYSCORE * this)","PLAYSCORE::DealJudgeFromQueue","converted"
"004a8870","char GetJudgeFromQueue(PLAYSCORE * this)","PLAYSCORE::GetJudgeFromQueue","converted"
"004a88a0","int SetDefaultGhost(PLAYSCORE * this\, int target\, int notes)","PLAYSCORE::SetDefaultGhost","converted"
"004a89d0","int SetGhost(PLAYSCORE * this\, int exscore\, int notes\, CSTR name)","PLAYSCORE::SetGhost","converted"
"004a8a90","CSTR EncodeGhostData(PLAYSCORE * this\, CSTR * ret)","PLAYSCORE::EncodeGhostData","converted"
"004a96b0","int DecodeGhostData(PLAYSCORE * this\, CSTR data)","PLAYSCORE::DecodeGhostData","converted"
"004a9eb0","int SetScore(PLAYSCORE * this\, PLAYERSTATUS * pstat\, char flagExpect)","PLAYSCORE::SetScore","converted"
"004a9fd0","bool isVisibleNote(int ch)","isVisibleNote","converted"
"004a9ff0","int SetBackground(int hImage)","SetBackground","converted"
"004aa000","int InitBMSMETA(BMSMETA * meta)","InitBMSMETA","converted"
"004aa0b0","int ParseBMSMETA(BMSMETA * meta\, CSTR filepath\, char flag)","ParseBMSMETA","converted"
"004ac140","int InitNoteBuffer(LaneStruct * lane\, undefined4 count)","InitNoteBuffer","converted"
"004ac1c0","int ExpandNoteBuffer(LaneStruct * lane\, int addsize)","ExpandNoteBuffer","converted"
"004ac240","int CMP_NotesByBmsTiming(NoteStruct * p1\, NoteStruct * p2)","CMP_NotesByBmsTiming","converted"
"004ac2b0","int CMP_NotesByRealTiming(NoteStruct * param_1\, NoteStruct * param_2)","CMP_NotesByRealTiming","converted"
"004ac2d0","undefined CMP_NotesByRealTimingOp(NoteStruct * p1\, NoteStruct * p2)","CMP_NotesByRealTimingOp","converted"
"004ac300","int PlayerCheckAndSwap(gameplay * gp)","PlayerCheckAndSwap","converted"
"004ac3e0","int InitGameplay(gameplay * gp\, CONFIG_PLAY * cfg)","InitGameplay","converted"
"004acc40","int CONS_004acc40(struct_0x14 * param_1)","CONS_004acc40","CONSTRUCTOR"
"004acc50","void DEST_004acc50(struct_0x14 * param_1)","DEST_004acc50","DESTRUCTOR"
"004acc60","int LoadBmsResource(gameplay * gp\, CSTR BMSfilepath\, AUDIO * aud\, ConfigStruct * cfg\, BMSMETA * meta\, char bga\, char flip\, undefined noVideo)","LoadBmsResource","converted"
"004ad200","int InitGameplay_retry(gameplay * gp\, AUDIO * snd\, game * g)","InitGameplay_retry","converted"
"004ad7e0","float10 RealTimeToBMSTime(gameplay * gp\, double time)","RealTimeToBMSTime","converted"
"004ad8a0","int CMP_CCARRbyCount(struct_0x14 * p1\, struct_0x14 * p2)","CMP_CCARRbyCount","converted"
"004ad8c0","int CMP_CCARRbyID(struct_0x14 * p1\, struct_0x14 * p2)","CMP_CCARRbyID","converted"
"004ad8d0","int SplitNotesToDP(LaneStruct * lane\, int start\, CHARTCONVERTER * cc\, int end)","SplitNotesToDP","converted"
"004ad940","int RightLaneTo2P(LaneStruct * lane\, int start\, CHARTCONVERTER * cc)","RightLaneTo2P","converted"
"004ada00","int Move3rdLaneTo2P(LaneStruct * lane\, int start\, CHARTCONVERTER * cc)","Move3rdLaneTo2P","converted"
"004adab0","int DPsplitLane(LaneStruct * lane\, int start\, CHARTCONVERTER * cc)","DPsplitLane","converted"
"004adbf0","int DPsplit(LaneStruct * lane\, int start\, CHARTCONVERTER * cc)","DPsplit","converted"
"004add90","void MakeExtraChart(gameplay * gp\, CHARTCONVERTER * cc)","MakeExtraChart","converted"
"004ae8d0","void DPtoSP(gameplay * gp)","DPtoSP","converted"
"004af080","undefined PMStoSP(gameplay * gp)","PMStoSP","converted"
"004afd40","CHARTCONVERTER * CONS_004afd40(CHARTCONVERTER * this)","CONS_004afd40","CONSTRUCTOR"
"004afe40","int DPsplitLaneScratch(LaneStruct * lane\, int start\, CHARTCONVERTER * cc)","DPsplitLaneScratch","converted"
"004b0250","int SPtoDP(LaneStruct * lane\, int baseNoteID\, CHARTCONVERTER * cc)","SPtoDP","converted"
"004b0690","int ParseBmsFile(gameplay * gp\, CSTR filename\, AUDIO * aud\, ConfigStruct * cfg\, BMSMETA * meta\, int bgaFlag\, int scratchSide)","ParseBmsFile","converted"
"004b6710","int SetBGATimer(Timer * T\, double newTime)","SetBGATimer","converted"
"004b6730","int SetAbleClockCount(char val)","SetAbleClockCount","converted"
"004b6740","int SetClockFlag(Timer * T\, char flag)","SetClockFlag","converted"
"004b6770","int NONE_004b6770(void)","NONE_004b6770","converted"
"004b6780","int BGATimer(Timer * T)","BGATimer","converted"
"004b67d0","int ResetTimeLapse(int timerID\, Timer * T)","ResetTimeLapse","converted"
"004b6800","double GetTime(void)","GetTime","converted"
"004b6890","double GetTimeWrap(void)","GetTimeWrap","converted"
"004b68d0","int InitTimer(Timer * T)","InitTimer","converted"
"004b6a10","int CalcFPS(Timer * t)","CalcFPS","converted"
"004b6b10","float10 GetTimeLapse(uint timerID\, Timer * T)","GetTimeLapse","converted"
"004b6b80","int SetTimeLapse(int timerID\, Timer * T)","SetTimeLapse","converted"
"004b6c00","int InitObjectString(TextStruct * txt)","InitObjectString","converted"
"004b6c40","int SetObjectString(uint num\, CSTR string\, CSTR * objectList)","SetObjectString","converted"
"004b6d00","int SetObjectStringInt(int at\, int val\, CSTR * arr)","SetObjectStringInt","converted"
"004b6d30","CSTR * GetStringFromArray(CSTR * oBuf\, int num\, CSTR * strings)","GetStringFromArray","converted"
"004b6d60","int DefineOptionStrNum(OptionString * arrOpStr)","DefineOptionStrNum","converted"
"004b6e30","int ReadOptionstr(OptionString * opStr\, CSVbuf csv)","ReadOptionstr","converted"
"004b6ee0","CSVbuf * COPY_CSVbuf(CSVbuf * this\, CSVbuf * from)","COPY_CSVbuf","AUTOCOPY"
"004b6f20","int ReadOptionstrFile(OptionString * arrOpStr\, CSTR filepath)","ReadOptionstrFile","converted"
"004b7b80","char * GetFMODerror(int errCode)","GetFMODerror","converted"
"004b7f30","int IsAltSoundExist(CSTR * filepath)","IsAltSoundExist","converted"
"004b8040","int ReleaseSound(AUDIO * aud\, SOUNDDATA * sound)","ReleaseSound","converted"
"004b80c0","SOUNDDATA * COPY_004b80c0(SOUNDDATA * this\, SOUNDDATA * param_2)","COPY_004b80c0","AUTOCOPY"
"004b8140","int StopSound(AUDIO * aud\, SOUNDDATA * sound)","StopSound","converted"
"004b8190","int SetSoundVolume(AUDIO * aud\, SOUNDDATA * sound\, float volume)","SetSoundVolume","converted"
"004b8200","int SoundGetCurrentTime(AUDIO * aud\, SOUNDDATA * sound)","SoundGetCurrentTime","converted"
"004b8260","int EndSound(AUDIO * aud)","EndSound","converted"
"004b82f0","int SOUND_dxlibFx(SOUNDDATA sound\, int v_master\, int v_BGA\, int pitch\, double freq)","SOUND_dxlibFx","converted"
"004b83d0","int SetFadeOut(AUDIO * aud\, int fadetime)","SetFadeOut","converted"
"004b8410","int SetFadePreview(AUDIO * aud\, int fadeintime\, char flag)","SetFadePreview","converted"
"004b8480","int GetSoundBuffer(AUDIO * snd\, double runtime\, int volume)","GetSoundBuffer","converted"
"004b85b0","void WriteWavFile(AUDIO * aud\, CSTR filename\, uint size)","WriteWavFile","converted"
"004b8770","int SOUND_normalize(AUDIO * aud\, SOUNDDATA * sound)","SOUND_normalize","converted"
"004b88b0","int RecordSound(AUDIO * aud\, SOUNDDATA * sound\, double time\, double len)","RecordSound","converted"
"004b8ad0","int RecordFadeout(AUDIO * snd\, double from\, double length)","RecordFadeout","converted"
"004b8bb0","int LoadSound(AUDIO * aud\, SOUNDDATA * sound\, CSTR filepath\, int loop\, int disableDSP\, int previewFlag)","LoadSound","converted"
"004b8f20","int PlaySound(AUDIO * aud\, SOUNDDATA * sound\, FMOD_CHANNELGROUP * channelgroup\, int stage)","PlaySound","converted"
"004b9070","int SOUND_FmodToDxlib(AUDIO * aud)","SOUND_FmodToDxlib","converted"
"004b9340","int ApplySoundFX(AUDIO * aud\, int flag\, char disable)","ApplySoundFX","converted"
"004b9d70","int InitFade(AUDIO * aud)","InitFade","converted"
"004b9db0","int SetVolumeByFade(AUDIO * aud)","SetVolumeByFade","converted"
"004b9ed0","int InitSound(AUDIO * aud\, undefined4 bufferLength\, undefined4 numBuffer\, undefined fDisable\, int outputType\, int driver)","InitSound","converted"
"004ba240","void CONS_004ba240(RAWSOUND * param_1)","CONS_004ba240","CONSTRUCTOR"
"004ba260","void DEST_004ba260(RAWSOUND * param_1)","DEST_004ba260","DESTRUCTOR"
"004ba270","void RAWsnd_ExpandBuffer(RAWSOUND * this\, int minSize)","RAWsnd_ExpandBuffer","converted"
"004ba2d0","void RAWsnd_MakeBitDepth16(RAWSOUND * this)","RAWsnd_MakeBitDepth16","converted"
"004ba330","void RAWsnd_MakeStereo(RAWSOUND * this)","RAWsnd_MakeStereo","converted"
"004ba380","void RAWsnd_MakeSampleRate44100(RAWSOUND * this)","RAWsnd_MakeSampleRate44100","converted"
"004ba5e0","undefined CMP_PlayerByExscore(RANKINGPLAYER * p1\, RANKINGPLAYER * p2)","CMP_PlayerByExscore","converted"
"004ba600","void DEST_004ba600(CSTR * param_1)","DEST_004ba600","DESTRUCTOR"
"004ba670","void ExpandRankingBuffer(RANKING * this\, int add)","ExpandRankingBuffer","converted"
"004ba6e0","void InitRanking(RANKING * rank)","InitRanking","converted"
"004ba790","int RANKING_ParseXML(RANKING * this\, CSTR path)","RANKING_ParseXML","converted"
"004bad70","int CheckRivaldataNew(int rivalID)","CheckRivaldataNew","converted"
"004baea0","int ParseRivalData(long ID)","ParseRivalData","converted"
"004bb500","int NET_GetInsaneList(NETWORK * this)","NET_GetInsaneList","converted"
"004bb820","undefined CONS_004bb820()","CONS_004bb820","CONSTRUCTOR"
"004bb8d0","CSTR UrlEncode(CSTR * oStr\, CSTR * input)","UrlEncode","converted"
"004bba40","void * CONS_004bba40(MYRANKING * this)","CONS_004bba40","CONSTRUCTOR"
"004bbae0","undefined DEST_004bbae0()","DEST_004bbae0","DESTRUCTOR"
"004bbb80","int NET_Init(NETWORK * this)","NET_Init","converted"
"004bbc00","void DEST_004bbc00(NETWORK * this)","DEST_004bbc00","DESTRUCTOR"
"004bbd00","void NET_Lock(NETWORK * param_1)","NET_Lock","converted"
"004bbd10","void NET_Unlock(NETWORK * this)","NET_Unlock","converted"
"004bbd20","int HTTPrequest(NETWORK * net)","HTTPrequest","converted"
"004bc2b0","void NET_WaitAndInitRanking(NETWORK * param_1)","NET_WaitAndInitRanking","converted"
"004bc2f0","int GetRanking(NETWORK * this\, CSTR hash\, char flagInit)","GetRanking","converted"
"004bc4c0","int NET_GetRivalInfo(NETWORK * this\, int rivalID)","NET_GetRivalInfo","converted"
"004bc600","int OpenWebRanking(CSTR songmd5)","OpenWebRanking","converted"
"004bc6b0","undefined IRsendScore(undefined4 ir)","IRsendScore","converted"
"004bc970","int GetTargetInfo(NETWORK * this\, int mode\, CSTR songmd5\, CSTR * oData\, CSTR * oName\, int * oDigit1\, int * oDigit2\, int * oDigit3\, int * oDigit4\, int * oSeed\, int * oExscore)","GetTargetInfo","converted"
"004bcc50","NETWORK * CONS_004bcc50(NETWORK * param_1)","CONS_004bcc50","CONSTRUCTOR"
"004bcda0","int NET_WS_clean(NETWORK * this)","NET_WS_clean","converted"
"004bcdd0","uint NET_Login(NETWORK * this\, int isDirectPlay)","NET_Login","converted"
"004bd640","int MakeIRsendScoreThread(NETWORK * this)","MakeIRsendScoreThread","converted"
"004bd6a0","int InitInputStructure2(inputStructure * is)","InitInputStructure2","converted"
"004bd6f0","void EndMIDIInput(void)","EndMIDIInput","converted"
"004bd740","void GetMidiInput(dword msg\, dword timestamp)","GetMidiInput","converted"
"004bd830","CSTR * GetKeyIDname(CSTR * oBuf\, int keyID)","GetKeyIDname","converted"
"004be430","int ConfigButtonToKeyID7(int buttonID)","ConfigButtonToKeyID7","converted"
"004be530","int ConfigButtonToKeyID5(int buttonID)","ConfigButtonToKeyID5","converted"
"004be600","int ConfigButtonToKeyID9(int buttonID)","ConfigButtonToKeyID9","converted"
"004be690","int ConfigButtonFromKeyID7(int keyID)","ConfigButtonFromKeyID7","converted"
"004be7b0","int ConfigButtonFromKeyID5(int keyID)","ConfigButtonFromKeyID5","converted"
"004be8b0","int ConfigButtonFromKeyID9(int keyID)","ConfigButtonFromKeyID9","converted"
"004be940","int FindPressedKey(inputStructure * is)","FindPressedKey","converted"
"004be970","int ResetPressCount(inputStructure * is)","ResetPressCount","converted"
"004be990","int DetermineResultPlayDevice(inputStructure * is)","DetermineResultPlayDevice","converted"
"004be9e0","int CloseMIDI(void)","CloseMIDI","converted"
"004be9f0","void ProcessInput(inputStructure * is\, int interval)","ProcessInput","converted"
"004bef60","void MIDIInProc(HMIDIIN hMidiIn\, uint wMsg\, dword dwInstance\, dword dwParam1\, dword dwParam2)","MIDIInProc","converted"
"004bef80","int WaitInput(inputStructure * is)","WaitInput","converted"
"004bf020","int InputToButton(inputStructure * is\, CONFIG_INPUT * cfg_input\, int player\, int isReplay)","InputToButton","converted"
"004bf3e0","undefined InitMIDIInput()","InitMIDIInput","converted"
"004bf480","int InitInputStructure(inputStructure * is)","InitInputStructure","converted"
"004bf4f0","RECORDING * CONS_004bf4f0(RECORDING * this)","CONS_004bf4f0","CONSTRUCTOR"
"004bf510","bool REC_RefreshCurFrame(RECORDING * this)","REC_RefreshCurFrame","converted"
"004bf520","int REC_GetCurTime(RECORDING * this)","REC_GetCurTime","converted"
"004bf540","int REC_CpyScreenToAVI(RECORDING * this)","REC_CpyScreenToAVI","converted"
"004bf5b0","bool REC_Release(RECORDING * this)","REC_Release","converted"
"004bf610","HRESULT REC_CpyAVIStreamToFile(void * pfile\, void * pavi\, int unused)","REC_CpyAVIStreamToFile","converted"
"004bf7f0","int CreateStream(CSTR filename\, int framerate\, COMPVARS * compvars\, BITMAPINFOHEADER * lpbmi\, undefined4 * pAVIFILE\, undefined4 * pAVIstream)","CreateStream","converted"
"004bfa10","bool REC_PrepareAVIRecord(RECORDING * this\, double framerate\, int bit\, CSTR filename\, uint frameLen\, HWND hwnd)","REC_PrepareAVIRecord","converted"
"004bfcb0","int InsertAudioToMovie(RECORDING * this\, CSTR pathAudio\, bool deleteFlag)","InsertAudioToMovie","converted"
"004bfec0","int REC_COPYFILE(FILE * oFile\, FILE * iFile\, uint size)","REC_COPYFILE","converted"
"004bffb0","int Mp3toWavF(FILE * iFile\, FILE * oFile)","Mp3toWavF","converted"
"004c0350","undefined Mp3toWavP(char * iPath\, char * oPath)","Mp3toWavP","converted"
"004c03c0","int MoveReplayFile(CSTR songMD5\, CSTR localID)","MoveReplayFile","converted"
"004c05e0","int LoadReplayFileCourse(REPLAY * rp\, CSTR songMD5\, int stage\, CSTR localID)","LoadReplayFileCourse","converted"
"004c07e0","int LoadReplayFile(REPLAY * rp\, CSTR songMD5\, CSTR localID)","LoadReplayFile","converted"
"004c09e0","int SaveReplay(REPLAY * rp\, CSTR songMD5\, CSTR localID)","SaveReplay","converted"
"004c0b40","int AllocReplayBuffer(REPLAY * rp)","AllocReplayBuffer","converted"
"004c0bb0","int ReleaseReplayBuffer(REPLAY * rp)","ReleaseReplayBuffer","converted"
"004c0c00","int AddReplayData(REPLAY * rp\, undefined4 timing\, uchar op\, short value)","AddReplayData","converted"
"004c0c70","int AddReplayDataHeader(CONFIG_PLAY * cfg\, REPLAY * rp\, AUDIO * snd\, gameplay * gp)","AddReplayDataHeader","converted"
"004c1050","int InputToReplay(undefined4 rp\, inputStructure * is\, undefined4 timing\, undefined4 scratchSide)","InputToReplay","converted"
"004c1490","int REPLAY_ApplyJudgeNote(gameplay * gp\, Timer * T\, game * g\, uint judge\, int player\, int dp)","REPLAY_ApplyJudgeNote","converted"
"004c18b0","int REPLAY_ApplyJudgeMine(gameplay * gp\, Timer * T\, game * g\, int dmg\, int player\, int dp)","REPLAY_ApplyJudgeMine","converted"
"004c1a00","int ReplayDataToInput(ReplayData * data\, game * g\, AUDIO * aud\, gameplay * gp\, inputStructure * is\, Timer * T)","ReplayDataToInput","converted"
"004c2280","int SetReplayConfig(REPLAY * re\, game * g\, AUDIO * aud\, gameplay * gp\, inputStructure * in\, Timer * T)","SetReplayConfig","converted"
"004c2310","int ReplayToInput(REPLAY * rp\, game * g\, AUDIO * aud\, gameplay * gp\, inputStructure * is\, Timer * T)","ReplayToInput","converted"
